{
    "CJ\ub300\ud55c\ud1b5\uc6b4" : "kr.cjlogistics",
    "CU\ud0dd\ubc30" : "kr.cupost",
    "CWAY" : "kr.cway",
    "DHL" : "de.dhl",
    "EMS" : "un.upu.ems",
    "FEDEX" : "us.fedex",
    "GS\ud0dd\ubc30" : "kr.cvsnet",
    "SLX" : "kr.slx",
    "TNT" : "nl.tnt",
    "UPS" : "us.ups",
    "USPS" : "us.usps",
    "\uac74\uc601\ud0dd\ubc30" : "kr.kunyoung",
    "\uacbd\ub3d9\ud0dd\ubc30" : "kr.kdexp",
    "\ub300\uc2e0\ud0dd\ubc30" : "kr.daesin",
    "\ub85c\uc820\ud0dd\ubc30" : "kr.logen",
    "\ub86f\ub370\ud0dd\ubc30" : "kr.lotte",
    "\uc6b0\uccb4\uad6d\ud0dd\ubc30" : "kr.epost",
    "\uc77c\uc591\ub85c\uc9c0\uc2a4" : "kr.ilyanglogis",
    "\ucc9c\uc77c\ud0dd\ubc30" : "kr.chunilps",
    "\ud55c\uc11c\ud638\ub0a8\ud0dd\ubc30" : "kr.honamlogis",
    "\ud55c\uc758\uc0ac\ub791\ud0dd\ubc30" : "kr.hanips",
    "\ud55c\uc9c4\ud0dd\ubc30" : "kr.hanjin",
    "\ud569\ub3d9\ud0dd\ubc30" : "kr.hdexp",
    "\ud648\ud53d" : "kr.homepick"
}